{
  "timestamp": "2025-09-04 09:02:05",
  "models": {
    "YOLO_baseline": {
      "best_f1": 0.7001067235859125,
      "precision": 0.7288888888888889,
      "recall": 0.6735112936344969,
      "best_conf": 0.1,
      "tp": 328,
      "fp": 122,
      "fn": 159
    },
    "RF-DETR_hparam_tuning_NMS": {
      "best_f1": 0.7563559322033898,
      "precision": 0.7811816192560175,
      "recall": 0.7330595482546202,
      "best_conf": 0.25000000000000006,
      "tp": 357,
      "fp": 100,
      "fn": 130
    },
    "RT-DETR_hparam_tuning_NMS": {
      "best_f1": 0.7757704569606803,
      "precision": 0.8039647577092511,
      "recall": 0.7494866529774127,
      "best_conf": 0.45000000000000007,
      "tp": 365,
      "fp": 89,
      "fn": 122
    }
  }
}