{
  "timestamp": "2025-09-04 11:35:39",
  "models": {
    "YOLO_baseline": {
      "object_level": {
        "best_f1": 0.7342582710779082,
        "precision": 0.7644444444444445,
        "recall": 0.7063655030800822,
        "best_conf": 0.1,
        "tp": 344,
        "fp": 106,
        "fn": 143
      },
      "image_level": {
        "best_f1": 0.8409893992932862,
        "precision": 0.9224806201550387,
        "recall": 0.7727272727272727,
        "accuracy": 0.7481343283582089,
        "best_conf": 0.1,
        "tp": 357,
        "fp": 30,
        "fn": 105,
        "tn": 44
      }
    },
    "RF-DETR_initial_training_best": {
      "object_level": {
        "best_f1": 0.829004329004329,
        "precision": 0.8764302059496567,
        "recall": 0.7864476386036962,
        "best_conf": 0.30000000000000004,
        "tp": 383,
        "fp": 54,
        "fn": 104
      },
      "image_level": {
        "best_f1": 0.9300847457627118,
        "precision": 0.9107883817427386,
        "recall": 0.9502164502164502,
        "accuracy": 0.8768656716417911,
        "best_conf": 0.15000000000000002,
        "tp": 439,
        "fp": 43,
        "fn": 23,
        "tn": 31
      }
    },
    "RT-DETR_best_hparams": {
      "object_level": {
        "best_f1": 0.8170212765957447,
        "precision": 0.847682119205298,
        "recall": 0.7885010266940452,
        "best_conf": 0.45000000000000007,
        "tp": 384,
        "fp": 69,
        "fn": 103
      },
      "image_level": {
        "best_f1": 0.9257375381485249,
        "precision": 0.8733205374280231,
        "recall": 0.9848484848484849,
        "accuracy": 0.8638059701492538,
        "best_conf": 0.15000000000000002,
        "tp": 455,
        "fp": 66,
        "fn": 7,
        "tn": 8
      }
    }
  }
}