{
  "timestamp": "2025-09-09 11:40:37",
  "models": {
    "YOLO_baseline": {
      "object_level": {
        "best_f1": 0.7342582710779082,
        "precision": 0.7644444444444445,
        "recall": 0.7063655030800822,
        "best_conf": 0.1,
        "tp": 344,
        "fp": 106,
        "fn": 143
      },
      "image_level": {
        "best_f1": 0.8144578313253013,
        "precision": 0.9184782608695652,
        "recall": 0.7316017316017316,
        "accuracy": 0.7126865671641791,
        "best_conf": 0.1,
        "tp": 338,
        "fp": 30,
        "fn": 124,
        "tn": 44
      }
    },
    "RF-DETR_initial_training_best": {
      "object_level": {
        "best_f1": 0.829004329004329,
        "precision": 0.8764302059496567,
        "recall": 0.7864476386036962,
        "best_conf": 0.30000000000000004,
        "tp": 383,
        "fp": 54,
        "fn": 104
      },
      "image_level": {
        "best_f1": 0.8979591836734694,
        "precision": 0.9428571428571428,
        "recall": 0.8571428571428571,
        "accuracy": 0.832089552238806,
        "best_conf": 0.20000000000000004,
        "tp": 396,
        "fp": 24,
        "fn": 66,
        "tn": 50
      }
    },
    "RT-DETR_best_hparams": {
      "object_level": {
        "best_f1": 0.8182784272051009,
        "precision": 0.8480176211453745,
        "recall": 0.7905544147843943,
        "best_conf": 0.45000000000000007,
        "tp": 385,
        "fp": 69,
        "fn": 102
      },
      "image_level": {
        "best_f1": 0.8923418423973363,
        "precision": 0.9157175398633257,
        "recall": 0.8701298701298701,
        "accuracy": 0.8190298507462687,
        "best_conf": 0.30000000000000004,
        "tp": 402,
        "fp": 37,
        "fn": 60,
        "tn": 37
      }
    }
  }
}