{
  "timestamp": "2025-09-04 10:30:09",
  "models": {
    "YOLO_baseline": {
      "object_level": {
        "best_f1": 0.7342582710779082,
        "precision": 0.7644444444444445,
        "recall": 0.7063655030800822,
        "best_conf": 0.1,
        "tp": 344,
        "fp": 106,
        "fn": 143
      },
      "image_level": {
        "best_f1": 0.8409893992932862,
        "precision": 0.9224806201550387,
        "recall": 0.7727272727272727,
        "accuracy": 0.7423664122137404,
        "best_conf": 0.1,
        "tp": 357,
        "fp": 30,
        "fn": 105,
        "tn": 32
      }
    },
    "RF-DETR_initial_training_NMS": {
      "object_level": {
        "best_f1": 0.829004329004329,
        "precision": 0.8764302059496567,
        "recall": 0.7864476386036962,
        "best_conf": 0.30000000000000004,
        "tp": 383,
        "fp": 54,
        "fn": 104
      },
      "image_level": {
        "best_f1": 0.9306930693069307,
        "precision": 0.9463087248322147,
        "recall": 0.9155844155844156,
        "accuracy": 0.8824626865671642,
        "best_conf": 0.20000000000000004,
        "tp": 423,
        "fp": 24,
        "fn": 39,
        "tn": 50
      }
    },
    "RT-DETR_initial_training_NMS": {
      "object_level": {
        "best_f1": 0.8182784272051009,
        "precision": 0.8480176211453745,
        "recall": 0.7905544147843943,
        "best_conf": 0.45000000000000007,
        "tp": 385,
        "fp": 69,
        "fn": 102
      },
      "image_level": {
        "best_f1": 0.9257375381485249,
        "precision": 0.8733205374280231,
        "recall": 0.9848484848484849,
        "accuracy": 0.8638059701492538,
        "best_conf": 0.15000000000000002,
        "tp": 455,
        "fp": 66,
        "fn": 7,
        "tn": 8
      }
    }
  }
}