{
  "timestamp": "20250904_230905",
  "device": "CPU",
  "num_threads": 8,
  "system_info": {
    "cpu": "x86_64",
    "physical_cores": 8,
    "logical_threads": 16
  },
  "results": {
    "YOLO_baseline": {
      "mean_latency_ms": 378.9640491410878,
      "std_latency_ms": 73.3839130385318,
      "min_latency_ms": 328.3330930280499,
      "max_latency_ms": 976.8061029608361,
      "median_latency_ms": 365.5670344887767,
      "p95_latency_ms": 442.000366456341,
      "p99_latency_ms": 733.7603664025661,
      "throughput_fps": 2.6387727338951388,
      "total_time_seconds": 203.12473033962306,
      "peak_memory_mb": 57.59765625,
      "avg_memory_mb": 37.96767869636194,
      "num_images_tested": 536
    },
    "RF-DETR": {
      "mean_latency_ms": 312.06418342969585,
      "std_latency_ms": 31.139725852790143,
      "min_latency_ms": 282.30425500078127,
      "max_latency_ms": 417.2081699944101,
      "median_latency_ms": 297.4601239839103,
      "p95_latency_ms": 382.34635602566414,
      "p99_latency_ms": 390.8439310936956,
      "throughput_fps": 3.204468994197431,
      "total_time_seconds": 167.26640231831698,
      "peak_memory_mb": 14.0,
      "avg_memory_mb": 8.243142199160447,
      "num_images_tested": 536
    },
    "RT-DETR": {
      "mean_latency_ms": 695.2088877823467,
      "std_latency_ms": 15.055600574079275,
      "min_latency_ms": 671.8268119730055,
      "max_latency_ms": 755.0585829885677,
      "median_latency_ms": 690.4176239913795,
      "p95_latency_ms": 720.3741712291958,
      "p99_latency_ms": 732.1310975763481,
      "throughput_fps": 1.4384165933060915,
      "total_time_seconds": 372.6319638513378,
      "peak_memory_mb": 90.83203125,
      "avg_memory_mb": 12.301254955690299,
      "num_images_tested": 536
    }
  }
}