{
  "timestamp": "20250902_154437",
  "device": "CPU",
  "num_threads": 8,
  "system_info": {
    "cpu": "x86_64",
    "physical_cores": 8,
    "logical_threads": 16
  },
  "results": {
    "YOLO_baseline": {
      "mean_latency_ms": 371.0527760093426,
      "std_latency_ms": 33.28924285223748,
      "min_latency_ms": 330.6542740028817,
      "max_latency_ms": 473.2615689863451,
      "median_latency_ms": 367.57142399437726,
      "p95_latency_ms": 423.90938200696837,
      "p99_latency_ms": 446.27977249765536,
      "throughput_fps": 2.695034411964139,
      "total_time_seconds": 198.88428794100764,
      "peak_memory_mb": 72.05859375,
      "avg_memory_mb": 42.1606299556903,
      "num_images_tested": 536
    },
    "RF-DETR": {
      "mean_latency_ms": 294.05116751307224,
      "std_latency_ms": 8.288988929811342,
      "min_latency_ms": 283.7078290176578,
      "max_latency_ms": 333.9098659926094,
      "median_latency_ms": 291.21716652298346,
      "p95_latency_ms": 310.7972820143914,
      "p99_latency_ms": 319.9143249599728,
      "throughput_fps": 3.400768677293364,
      "total_time_seconds": 157.61142578700674,
      "peak_memory_mb": 14.16796875,
      "avg_memory_mb": 10.055015450093284,
      "num_images_tested": 536
    },
    "RT-DETR": {
      "mean_latency_ms": 696.6508881664798,
      "std_latency_ms": 14.355709878546753,
      "min_latency_ms": 677.6131509977859,
      "max_latency_ms": 769.4355450221337,
      "median_latency_ms": 691.4336244954029,
      "p95_latency_ms": 722.7190244884696,
      "p99_latency_ms": 733.4049587283516,
      "throughput_fps": 1.4354392092026276,
      "total_time_seconds": 373.4048760572332,
      "peak_memory_mb": 2.4765625,
      "avg_memory_mb": 1.3858952308768657,
      "num_images_tested": 536
    }
  }
}