{
  "timestamp": "20250904_182451",
  "device": "CPU",
  "num_threads": 8,
  "system_info": {
    "cpu": "x86_64",
    "physical_cores": 8,
    "logical_threads": 16
  },
  "results": {
    "YOLO_baseline": {
      "mean_latency_ms": 383.60910153767065,
      "std_latency_ms": 37.46828843923162,
      "min_latency_ms": 335.51128703402355,
      "max_latency_ms": 496.34390202118084,
      "median_latency_ms": 375.35656002000906,
      "p95_latency_ms": 447.3183669906575,
      "p99_latency_ms": 462.0430601091357,
      "throughput_fps": 2.606820317848479,
      "total_time_seconds": 205.61447842419147,
      "peak_memory_mb": 16.66015625,
      "avg_memory_mb": 2.593815590018657,
      "num_images_tested": 536
    },
    "RF-DETR": {
      "mean_latency_ms": 306.9944551375081,
      "std_latency_ms": 17.19225794321428,
      "min_latency_ms": 288.8162650051527,
      "max_latency_ms": 415.6603629817255,
      "median_latency_ms": 300.80526147503406,
      "p95_latency_ms": 334.2523974861251,
      "p99_latency_ms": 381.1591108038556,
      "throughput_fps": 3.2573878233471114,
      "total_time_seconds": 164.54902795370435,
      "peak_memory_mb": 0.0,
      "avg_memory_mb": -25.355811275652986,
      "num_images_tested": 536
    },
    "RT-DETR": {
      "mean_latency_ms": 786.5988061484906,
      "std_latency_ms": 646.7398064962173,
      "min_latency_ms": 690.9795379615389,
      "max_latency_ms": 15342.983280017506,
      "median_latency_ms": 736.7351294960827,
      "p95_latency_ms": 853.5713762685191,
      "p99_latency_ms": 962.3610037262545,
      "throughput_fps": 1.2712961069651363,
      "total_time_seconds": 421.6169600955909,
      "peak_memory_mb": 0.26953125,
      "avg_memory_mb": -6.533931902985074,
      "num_images_tested": 536
    }
  }
}