{
  "timestamp": "20250904_200130",
  "device": "CPU",
  "num_threads": 8,
  "system_info": {
    "cpu": "x86_64",
    "physical_cores": 8,
    "logical_threads": 16
  },
  "results": {
    "YOLO_baseline": {
      "mean_latency_ms": 371.7418410774032,
      "std_latency_ms": 33.36641011888603,
      "min_latency_ms": 331.0751839890145,
      "max_latency_ms": 458.93843099474907,
      "median_latency_ms": 367.92091047391295,
      "p95_latency_ms": 428.84965798293706,
      "p99_latency_ms": 450.7934118853882,
      "throughput_fps": 2.6900388643412954,
      "total_time_seconds": 199.2536268174881,
      "peak_memory_mb": 107.21875,
      "avg_memory_mb": 71.9403568097015,
      "num_images_tested": 536
    },
    "RF-DETR": {
      "mean_latency_ms": 295.5622632598805,
      "std_latency_ms": 8.851532223012521,
      "min_latency_ms": 284.63131899479777,
      "max_latency_ms": 369.6527680149302,
      "median_latency_ms": 292.48097699019127,
      "p95_latency_ms": 312.98838574730325,
      "p99_latency_ms": 319.5189332996961,
      "throughput_fps": 3.3833818599525505,
      "total_time_seconds": 158.42137310729595,
      "peak_memory_mb": 13.875,
      "avg_memory_mb": 9.888526119402986,
      "num_images_tested": 536
    },
    "RT-DETR": {
      "mean_latency_ms": 698.7127532887988,
      "std_latency_ms": 14.211850837393545,
      "min_latency_ms": 676.6078139771707,
      "max_latency_ms": 769.5159229915589,
      "median_latency_ms": 694.2302730167285,
      "p95_latency_ms": 722.850960213691,
      "p99_latency_ms": 738.5042123642052,
      "throughput_fps": 1.431203302491704,
      "total_time_seconds": 374.5100357627962,
      "peak_memory_mb": 0.38671875,
      "avg_memory_mb": 0.0210908348880597,
      "num_images_tested": 536
    }
  }
}