{
  "timestamp": "20250902_153003",
  "device": "CPU",
  "num_threads": 8,
  "results": {
    "YOLO_baseline": {
      "mean_latency_ms": 370.54193566351086,
      "std_latency_ms": 35.97236045609813,
      "min_latency_ms": 327.5000409921631,
      "max_latency_ms": 458.2715969881974,
      "median_latency_ms": 362.9534454958048,
      "p95_latency_ms": 431.4073944988195,
      "p99_latency_ms": 448.8346549929702,
      "throughput_fps": 2.6987498681069666,
      "total_time_seconds": 198.61047751564183,
      "peak_memory_mb": 70.078125,
      "avg_memory_mb": 36.07189394822761,
      "num_images_tested": 536
    },
    "RF-DETR": {
      "mean_latency_ms": 294.23587492398036,
      "std_latency_ms": 9.094205078936943,
      "min_latency_ms": 284.0167850081343,
      "max_latency_ms": 342.3675829835702,
      "median_latency_ms": 291.34466451068874,
      "p95_latency_ms": 312.1223157431814,
      "p99_latency_ms": 329.00105049775436,
      "throughput_fps": 3.3986338350425926,
      "total_time_seconds": 157.71042895925348,
      "peak_memory_mb": 0.125,
      "avg_memory_mb": 0.057369402985074626,
      "num_images_tested": 536
    },
    "RT-DETR": {
      "mean_latency_ms": 698.0979029469191,
      "std_latency_ms": 14.5328426720957,
      "min_latency_ms": 678.8117040123325,
      "max_latency_ms": 761.6657309990842,
      "median_latency_ms": 692.447366003762,
      "p95_latency_ms": 723.5920812599943,
      "p99_latency_ms": 737.3324815140221,
      "throughput_fps": 1.432463836058875,
      "total_time_seconds": 374.18047597954865,
      "peak_memory_mb": 65.36328125,
      "avg_memory_mb": 1.4199874650186568,
      "num_images_tested": 536
    }
  }
}