{
  "timestamp": "20250906_174427",
  "device": "GPU",
  "num_threads": 6,
  "system_info": {
    "cpu": "x86_64",
    "physical_cores": 64,
    "logical_threads": 128
  },
  "results": {
    "YOLO_baseline": {
      "mean_latency_ms": 63.11703887983111,
      "std_latency_ms": 29.214723040181685,
      "min_latency_ms": 51.02367501240224,
      "max_latency_ms": 366.6242770268582,
      "median_latency_ms": 57.59937348193489,
      "p95_latency_ms": 108.54646426741965,
      "p99_latency_ms": 212.01252042374094,
      "throughput_fps": 15.843582299605432,
      "total_time_seconds": 33.83073283958947,
      "peak_memory_mb": 9.0,
      "avg_memory_mb": 5.268656716417911,
      "num_images_tested": 536
    },
    "RF-DETR": {
      "mean_latency_ms": 76.76656363612743,
      "std_latency_ms": 4.964036346164567,
      "min_latency_ms": 72.70966802025214,
      "max_latency_ms": 99.42687099101022,
      "median_latency_ms": 75.64949701190926,
      "p95_latency_ms": 92.41506898251828,
      "p99_latency_ms": 96.34244001063051,
      "throughput_fps": 13.026504673831536,
      "total_time_seconds": 41.1468781089643,
      "peak_memory_mb": 0.0,
      "avg_memory_mb": 0.0,
      "num_images_tested": 536
    },
    "RT-DETR": {
      "mean_latency_ms": 92.16964161179877,
      "std_latency_ms": 1.5159374202392533,
      "min_latency_ms": 89.71212996402755,
      "max_latency_ms": 100.35572701599449,
      "median_latency_ms": 91.8224464985542,
      "p95_latency_ms": 94.93604900490027,
      "p99_latency_ms": 95.78614719794132,
      "throughput_fps": 10.849559383249122,
      "total_time_seconds": 49.40292790392414,
      "peak_memory_mb": 0.0,
      "avg_memory_mb": 0.0,
      "num_images_tested": 536
    }
  }
}