{
  "experiment_info": {
    "experiment_name": "rtdetr_smoke_detection_v1_IoU=0.01",
    "timestamp": "2025-08-16 17:33:51",
    "iou_threshold": 0.01,
    "yolo_baseline_iou_threshold": 0.01,
    "dataset_path": "/vol/bitbucket/si324/rf-detr-wildfire/data/pyro25img/images/test"
  },
  "image_best_results": {
    "confidence_threshold": 0.1,
    "f1_score": 0.8895966029723993,
    "precision": 0.8729166666666667,
    "recall": 0.9069264069264069,
    "accuracy": 0.8059701492537313,
    "confusion_matrix": {
      "true_positives": 419,
      "true_negatives": 13,
      "false_positives": 61,
      "false_negatives": 43
    }
  },
  "object_best_results": {
    "confidence_threshold": 0.40000000000000013,
    "f1_score": 0.745945945945946,
    "precision": 0.7876712328767124,
    "recall": 0.7084188911704312,
    "confusion_matrix": {
      "true_positives": 345,
      "false_positives": 93,
      "false_negatives": 142,
      "true_negatives": "N/A"
    }
  },
  "baseline_comparison": {
    "yolo_baseline": {
      "experiment_name": "yolo_baseline_v1_IoU=0.01",
      "iou_threshold": 0.01,
      "image": {
        "best_threshold": 0.1,
        "metrics": {
          "f1_score": 0.8422273781902551,
          "precision": 0.9075,
          "recall": 0.7857142857142857,
          "accuracy": 0.746268656716418
        },
        "confusion_matrix": {
          "true_positives": 363,
          "true_negatives": 37,
          "false_positives": 37,
          "false_negatives": 99
        }
      },
      "object": {
        "best_threshold": 0.20000000000000004,
        "metrics": {
          "f1_score": 0.7254685777287762,
          "precision": 0.7833333333333333,
          "recall": 0.675564681724846
        },
        "confusion_matrix": {
          "true_positives": 329,
          "false_positives": 91,
          "false_negatives": 158
        }
      }
    },
    "improvements_percent": {
      "image_f1": 5.624279857053489,
      "object_f1": 2.82264026944879
    }
  },
  "detailed_results": {
    "image_level": [
      {
        "confidence_threshold": 0.1,
        "precision": 0.8729166666666667,
        "recall": 0.9069264069264069,
        "f1_score": 0.8895966029723993,
        "accuracy": 0.8059701492537313,
        "tp": 419,
        "fp": 61,
        "fn": 43,
        "tn": 13
      },
      {
        "confidence_threshold": 0.15000000000000002,
        "precision": 0.8923076923076924,
        "recall": 0.8787878787878788,
        "f1_score": 0.8854961832061069,
        "accuracy": 0.8041044776119403,
        "tp": 406,
        "fp": 49,
        "fn": 56,
        "tn": 25
      },
      {
        "confidence_threshold": 0.20000000000000004,
        "precision": 0.9198113207547169,
        "recall": 0.8441558441558441,
        "f1_score": 0.8803611738148983,
        "accuracy": 0.8022388059701493,
        "tp": 390,
        "fp": 34,
        "fn": 72,
        "tn": 40
      },
      {
        "confidence_threshold": 0.25000000000000006,
        "precision": 0.9353233830845771,
        "recall": 0.8138528138528138,
        "f1_score": 0.8703703703703703,
        "accuracy": 0.7910447761194029,
        "tp": 376,
        "fp": 26,
        "fn": 86,
        "tn": 48
      },
      {
        "confidence_threshold": 0.30000000000000004,
        "precision": 0.9455958549222798,
        "recall": 0.79004329004329,
        "f1_score": 0.8608490566037736,
        "accuracy": 0.7798507462686567,
        "tp": 365,
        "fp": 21,
        "fn": 97,
        "tn": 53
      },
      {
        "confidence_threshold": 0.3500000000000001,
        "precision": 0.9567567567567568,
        "recall": 0.7662337662337663,
        "f1_score": 0.8509615384615384,
        "accuracy": 0.7686567164179104,
        "tp": 354,
        "fp": 16,
        "fn": 108,
        "tn": 58
      },
      {
        "confidence_threshold": 0.40000000000000013,
        "precision": 0.9634831460674157,
        "recall": 0.7424242424242424,
        "f1_score": 0.8386308068459657,
        "accuracy": 0.753731343283582,
        "tp": 343,
        "fp": 13,
        "fn": 119,
        "tn": 61
      },
      {
        "confidence_threshold": 0.45000000000000007,
        "precision": 0.96996996996997,
        "recall": 0.6991341991341992,
        "f1_score": 0.8125786163522012,
        "accuracy": 0.7220149253731343,
        "tp": 323,
        "fp": 10,
        "fn": 139,
        "tn": 64
      },
      {
        "confidence_threshold": 0.5000000000000001,
        "precision": 0.9684542586750788,
        "recall": 0.6645021645021645,
        "f1_score": 0.7881899871630295,
        "accuracy": 0.6921641791044776,
        "tp": 307,
        "fp": 10,
        "fn": 155,
        "tn": 64
      },
      {
        "confidence_threshold": 0.5500000000000002,
        "precision": 0.9730639730639731,
        "recall": 0.6255411255411255,
        "f1_score": 0.761528326745718,
        "accuracy": 0.6623134328358209,
        "tp": 289,
        "fp": 8,
        "fn": 173,
        "tn": 66
      },
      {
        "confidence_threshold": 0.6000000000000002,
        "precision": 0.9694656488549618,
        "recall": 0.5497835497835498,
        "f1_score": 0.7016574585635358,
        "accuracy": 0.5970149253731343,
        "tp": 254,
        "fp": 8,
        "fn": 208,
        "tn": 66
      },
      {
        "confidence_threshold": 0.6500000000000001,
        "precision": 0.967741935483871,
        "recall": 0.45454545454545453,
        "f1_score": 0.6185567010309277,
        "accuracy": 0.5167910447761194,
        "tp": 210,
        "fp": 7,
        "fn": 252,
        "tn": 67
      },
      {
        "confidence_threshold": 0.7000000000000002,
        "precision": 0.975609756097561,
        "recall": 0.3463203463203463,
        "f1_score": 0.5111821086261981,
        "accuracy": 0.4291044776119403,
        "tp": 160,
        "fp": 4,
        "fn": 302,
        "tn": 70
      },
      {
        "confidence_threshold": 0.7500000000000002,
        "precision": 0.9629629629629629,
        "recall": 0.22510822510822512,
        "f1_score": 0.3649122807017544,
        "accuracy": 0.3246268656716418,
        "tp": 104,
        "fp": 4,
        "fn": 358,
        "tn": 70
      },
      {
        "confidence_threshold": 0.8000000000000002,
        "precision": 0.967741935483871,
        "recall": 0.06493506493506493,
        "f1_score": 0.12170385395537527,
        "accuracy": 0.1921641791044776,
        "tp": 30,
        "fp": 1,
        "fn": 432,
        "tn": 73
      },
      {
        "confidence_threshold": 0.8500000000000002,
        "precision": 0.0,
        "recall": 0.0,
        "f1_score": 0.0,
        "accuracy": 0.13805970149253732,
        "tp": 0,
        "fp": 0,
        "fn": 462,
        "tn": 74
      }
    ],
    "object_level": [
      {
        "confidence_threshold": 0.1,
        "precision": 0.12452939472922096,
        "recall": 0.8829568788501027,
        "f1_score": 0.21827411167512692,
        "tp": 430,
        "fp": 3023,
        "fn": 57
      },
      {
        "confidence_threshold": 0.15000000000000002,
        "precision": 0.24820574162679426,
        "recall": 0.8521560574948666,
        "f1_score": 0.38443723946271424,
        "tp": 415,
        "fp": 1257,
        "fn": 72
      },
      {
        "confidence_threshold": 0.20000000000000004,
        "precision": 0.4072164948453608,
        "recall": 0.811088295687885,
        "f1_score": 0.5422100205902539,
        "tp": 395,
        "fp": 575,
        "fn": 92
      },
      {
        "confidence_threshold": 0.25000000000000006,
        "precision": 0.5575221238938053,
        "recall": 0.7761806981519507,
        "f1_score": 0.6489270386266094,
        "tp": 378,
        "fp": 300,
        "fn": 109
      },
      {
        "confidence_threshold": 0.30000000000000004,
        "precision": 0.6612612612612613,
        "recall": 0.7535934291581109,
        "f1_score": 0.7044145873320538,
        "tp": 367,