{
  "timestamp": "2025-09-05 11:30:56",
  "models": {
    "YOLO_baseline": {
      "best_f1": 0.7296137339055794,
      "precision": 0.7870370370370371,
      "recall": 0.68,
      "best_conf": 0.1,
      "tp": 170,
      "fp": 46,
      "fn": 80
    },
    "RF-DETR_initial_training_NMS": {
      "best_f1": 0.9193548387096775,
      "precision": 0.926829268292683,
      "recall": 0.912,
      "best_conf": 0.25000000000000006,
      "tp": 228,
      "fp": 18,
      "fn": 22
    },
    "RT-DETR_HP_best": {
      "best_f1": 0.9023437500000001,
      "precision": 0.8816793893129771,
      "recall": 0.924,
      "best_conf": 0.3500000000000001,
      "tp": 231,
      "fp": 31,
      "fn": 19
    }
  }
}