{
  "experiment_info": {
    "experiment_name": "rfdetr_smoke_detection_v1_IoU=0.1",
    "timestamp": "2025-08-15 14:52:10",
    "iou_threshold": 0.1,
    "yolo_baseline_iou_threshold": 0.1,
    "dataset_path": "/vol/bitbucket/si324/rf-detr-wildfire/data/pyro25img/images/test"
  },
  "image_best_results": {
    "confidence_threshold": 0.25000000000000006,
    "f1_score": 0.8788221970554926,
    "precision": 0.9216152019002375,
    "recall": 0.8398268398268398,
    "accuracy": 0.8003731343283582,
    "confusion_matrix": {
      "true_positives": 388,
      "true_negatives": 41,
      "false_positives": 33,
      "false_negatives": 74
    }
  },
  "object_best_results": {
    "confidence_threshold": 0.40000000000000013,
    "f1_score": 0.780327868852459,
    "precision": 0.8341121495327103,
    "recall": 0.7330595482546202,
    "confusion_matrix": {
      "true_positives": 357,
      "false_positives": 71,
      "false_negatives": 130,
      "true_negatives": "N/A"
    }
  },
  "baseline_comparison": {
    "yolo_baseline": {
      "experiment_name": "yolo_baseline_v1_IoU=0.1",
      "iou_threshold": 0.1,
      "image": {
        "best_threshold": 0.1,
        "metrics": {
          "f1_score": 0.8203309692671394,
          "precision": 0.9036458333333334,
          "recall": 0.7510822510822511,
          "accuracy": 0.7164179104477612
        },
        "confusion_matrix": {
          "true_positives": 347,
          "true_negatives": 37,
          "false_positives": 37,
          "false_negatives": 115
        }
      },
      "object": {
        "best_threshold": 0.20000000000000004,
        "metrics": {
          "f1_score": 0.6879823594266813,
          "precision": 0.7428571428571429,
          "recall": 0.6406570841889117
        },
        "confusion_matrix": {
          "true_positives": 312,
          "false_positives": 108,
          "false_negatives": 175
        }
      }
    },
    "improvements_percent": {
      "image_f1": 7.130198661231521,
      "object_f1": 13.42265657839429
    }
  },
  "detailed_results": {
    "image_level": [
      {
        "confidence_threshold": 0.1,
        "precision": 0.8628691983122363,
        "recall": 0.8852813852813853,
        "f1_score": 0.8739316239316239,
        "accuracy": 0.7798507462686567,
        "tp": 409,
        "fp": 65,
        "fn": 53,
        "tn": 9
      },
      {
        "confidence_threshold": 0.15000000000000002,
        "precision": 0.8744493392070485,
        "recall": 0.8593073593073594,
        "f1_score": 0.8668122270742359,
        "accuracy": 0.7723880597014925,
        "tp": 397,
        "fp": 57,
        "fn": 65,
        "tn": 17
      },
      {
        "confidence_threshold": 0.20000000000000004,
        "precision": 0.9032258064516129,
        "recall": 0.8484848484848485,
        "f1_score": 0.875,
        "accuracy": 0.7910447761194029,
        "tp": 392,
        "fp": 42,
        "fn": 70,
        "tn": 32
      },
      {
        "confidence_threshold": 0.25000000000000006,
        "precision": 0.9216152019002375,
        "recall": 0.8398268398268398,
        "f1_score": 0.8788221970554926,
        "accuracy": 0.8003731343283582,
        "tp": 388,
        "fp": 33,
        "fn": 74,
        "tn": 41
      },
      {
        "confidence_threshold": 0.30000000000000004,
        "precision": 0.9361179361179361,
        "recall": 0.8246753246753247,
        "f1_score": 0.8768699654775604,
        "accuracy": 0.8003731343283582,
        "tp": 381,
        "fp": 26,
        "fn": 81,
        "tn": 48
      },
      {
        "confidence_threshold": 0.3500000000000001,
        "precision": 0.9457364341085271,
        "recall": 0.7922077922077922,
        "f1_score": 0.8621908127208481,
        "accuracy": 0.7817164179104478,
        "tp": 366,
        "fp": 21,
        "fn": 96,
        "tn": 53
      },
      {
        "confidence_threshold": 0.40000000000000013,
        "precision": 0.9566395663956639,
        "recall": 0.7640692640692641,
        "f1_score": 0.8495788206979543,
        "accuracy": 0.7667910447761194,
        "tp": 353,
        "fp": 16,
        "fn": 109,
        "tn": 58
      },
      {
        "confidence_threshold": 0.45000000000000007,
        "precision": 0.9657142857142857,
        "recall": 0.7316017316017316,
        "f1_score": 0.8325123152709359,
        "accuracy": 0.746268656716418,
        "tp": 338,
        "fp": 12,
        "fn": 124,
        "tn": 62
      },
      {
        "confidence_threshold": 0.5000000000000001,
        "precision": 0.963076923076923,
        "recall": 0.6774891774891775,
        "f1_score": 0.795425667090216,
        "accuracy": 0.6996268656716418,
        "tp": 313,
        "fp": 12,
        "fn": 149,
        "tn": 62
      },
      {
        "confidence_threshold": 0.5500000000000002,
        "precision": 0.9761904761904762,
        "recall": 0.6212121212121212,
        "f1_score": 0.7592592592592593,
        "accuracy": 0.6604477611940298,
        "tp": 287,
        "fp": 7,
        "fn": 175,
        "tn": 67
      },
      {
        "confidence_threshold": 0.6000000000000002,
        "precision": 0.9771863117870723,
        "recall": 0.5562770562770563,
        "f1_score": 0.7089655172413794,
        "accuracy": 0.6063432835820896,
        "tp": 257,
        "fp": 6,
        "fn": 205,
        "tn": 68
      },
      {
        "confidence_threshold": 0.6500000000000001,
        "precision": 0.9772727272727273,
        "recall": 0.4653679653679654,
        "f1_score": 0.6304985337243402,
        "accuracy": 0.5298507462686567,
        "tp": 215,
        "fp": 5,
        "fn": 247,
        "tn": 69
      },
      {
        "confidence_threshold": 0.7000000000000002,
        "precision": 0.9715909090909091,
        "recall": 0.37012987012987014,
        "f1_score": 0.5360501567398119,
        "accuracy": 0.44776119402985076,
        "tp": 171,
        "fp": 5,
        "fn": 291,
        "tn": 69
      },
      {
        "confidence_threshold": 0.7500000000000002,
        "precision": 0.984375,
        "recall": 0.2727272727272727,
        "f1_score": 0.4271186440677966,
        "accuracy": 0.3694029850746269,
        "tp": 126,
        "fp": 2,
        "fn": 336,
        "tn": 72
      },
      {
        "confidence_threshold": 0.8000000000000002,
        "precision": 0.9733333333333334,
        "recall": 0.15800865800865802,
        "f1_score": 0.27188081936685293,
        "accuracy": 0.27052238805970147,
        "tp": 73,
        "fp": 2,
        "fn": 389,
        "tn": 72
      },
      {
        "confidence_threshold": 0.8500000000000002,
        "precision": 0.9629629629629629,
        "recall": 0.05627705627705628,
        "f1_score": 0.10633946830265849,
        "accuracy": 0.18470149253731344,
        "tp": 26,
        "fp": 1,
        "fn": 436,
        "tn": 73
      }
    ],
    "object_level": [
      {
        "confidence_threshold": 0.1,
        "precision": 0.26557583385777217,
        "recall": 0.86652977412731,
        "f1_score": 0.40655105973025046,
        "tp": 422,
        "fp": 1167,
        "fn": 65
      },
      {
        "confidence_threshold": 0.15000000000000002,
        "precision": 0.4017857142857143,
        "recall": 0.8316221765913757,
        "f1_score": 0.5418060200668896,
        "tp": 405,
        "fp": 603,
        "fn": 82
      },
      {
        "confidence_threshold": 0.20000000000000004,
        "precision": 0.5243101182654402,
        "recall": 0.8193018480492813,
        "f1_score": 0.6394230769230769,
        "tp": 399,
        "fp": 362,
        "fn": 88
      },
      {
        "confidence_threshold": 0.25000000000000006,
        "precision": 0.6448445171849427,
        "recall": 0.8090349075975359,
        "f1_score": 0.7176684881602914,
        "tp": 394,
        "fp": 217,
        "fn": 93
      },
      {
        "confidence_threshold": 0.30000000000000004,
        "precision": 0.7283018867924528,
        "recall": 0.7926078028747433,