{
  "timestamp": "2025-09-03 23:05:17",
  "models": {
    "YOLO_baseline": {
      "best_f1": 0.7001067235859125,
      "precision": 0.7288888888888889,
      "recall": 0.6735112936344969,
      "best_conf": 0.1,
      "tp": 328,
      "fp": 122,
      "fn": 159
    },
    "RF-DETR_hparam_tuning_NMS": {
      "best_f1": 0.7663344407530454,
      "precision": 0.8317307692307693,
      "recall": 0.7104722792607803,
      "best_conf": 0.30000000000000004,
      "tp": 346,
      "fp": 70,
      "fn": 141
    },
    "RT-DETR_hparam_tuning_NMS": {
      "best_f1": 0.774468085106383,
      "precision": 0.8035320088300221,
      "recall": 0.7474332648870636,
      "best_conf": 0.45000000000000007,
      "tp": 364,
      "fp": 89,
      "fn": 123
    }
  }
}