{
  "timestamp": "2025-08-31 12:14:37",
  "models": {
    "YOLO_baseline": {
      "best_f1": 0.7001067235859125,
      "precision": 0.7288888888888889,
      "recall": 0.6735112936344969,
      "best_conf": 0.1,
      "tp": 328,
      "fp": 122,
      "fn": 159
    },
    "RF-DETR_initial_training": {
      "best_f1": 0.7582534611288604,
      "precision": 0.7876106194690266,
      "recall": 0.731006160164271,
      "best_conf": 0.3500000000000001,
      "tp": 356,
      "fp": 96,
      "fn": 131
    },
    "RT-DETR_initial_training": {
      "best_f1": 0.721030042918455,
      "precision": 0.755056179775281,
      "recall": 0.6899383983572895,
      "best_conf": 0.45000000000000007,
      "tp": 336,
      "fp": 109,
      "fn": 151
    }
  }
}