{
  "timestamp": "2025-08-30 11:07:08",
  "models": {
    "YOLO_baseline": {
      "best_f1": 0.7001067235859125,
      "precision": 0.7288888888888889,
      "recall": 0.6735112936344969,
      "best_conf": 0.1,
      "tp": 328,
      "fp": 122,
      "fn": 159
    },
    "RF-DETR_initial_training": {
      "best_f1": 0.7569296375266523,
      "precision": 0.7871396895787139,
      "recall": 0.728952772073922,
      "best_conf": 0.3500000000000001,
      "tp": 355,
      "fp": 96,
      "fn": 132
    },
    "RT-DETR_initial_training": {
      "best_f1": 0.721030042918455,
      "precision": 0.755056179775281,
      "recall": 0.6899383983572895,
      "best_conf": 0.45000000000000007,
      "tp": 336,
      "fp": 109,
      "fn": 151
    }
  }
}