{
  "timestamp": "2025-09-04 16:25:26",
  "models": {
    "YOLO_baseline": {
      "best_f1": 0.7001067235859125,
      "precision": 0.7288888888888889,
      "recall": 0.6735112936344969,
      "best_conf": 0.1,
      "tp": 328,
      "fp": 122,
      "fn": 159
    },
    "RF-DETR_initial_training": {
      "best_f1": 0.7582534611288604,
      "precision": 0.7876106194690266,
      "recall": 0.731006160164271,
      "best_conf": 0.3500000000000001,
      "tp": 356,
      "fp": 96,
      "fn": 131
    },
    "RT-DETR_initial_training": {
      "best_f1": 0.722400857449089,
      "precision": 0.7556053811659192,
      "recall": 0.6919917864476386,
      "best_conf": 0.45000000000000007,
      "tp": 337,
      "fp": 109,
      "fn": 150
    }
  }
}