{
  "timestamp": "2025-09-05 15:05:44",
  "models": {
    "YOLO_baseline": {
      "best_f1": 0.7328918322295805,
      "precision": 0.8177339901477833,
      "recall": 0.664,
      "best_conf": 0.1,
      "tp": 179,
      "fp": 37,
      "fn": 84
    },
    "RF-DETR_initial_training_NMS": {
      "best_f1": 0.927536231884058,
      "precision": 0.9613733905579399,
      "recall": 0.896,
      "best_conf": 0.30000000000000004,
      "tp": 224,
      "fp": 9,
      "fn": 26
    },
    "RT-DETR_HP_best": {
      "best_f1": 0.9173228346456693,
      "precision": 0.9031007751937985,
      "recall": 0.932,
      "best_conf": 0.3500000000000001,
      "tp": 236,
      "fp": 26,
      "fn": 17
    }
  }
}