{
  "timestamp": "2025-09-04 15:23:43",
  "models": {
    "YOLO_baseline": {
      "best_f1": 0.698615548455804,
      "precision": 0.7256637168141593,
      "recall": 0.6735112936344969,
      "best_conf": 0.1,
      "tp": 328,
      "fp": 124,
      "fn": 159
    },
    "RF-DETR_hparam_tuning_NMS": {
      "best_f1": 0.7578718783930509,
      "precision": 0.804147465437788,
      "recall": 0.7166324435318275,
      "best_conf": 0.25000000000000006,
      "tp": 349,
      "fp": 85,
      "fn": 138
    },
    "RT-DETR_hparam_tuning_NMS": {
      "best_f1": 0.774468085106383,
      "precision": 0.8035320088300221,
      "recall": 0.7474332648870636,
      "best_conf": 0.45000000000000007,
      "tp": 364,
      "fp": 89,
      "fn": 123
    }
  }
}