{
  "timestamp": "2025-09-05 11:39:05",
  "models": {
    "YOLO_baseline": {
      "best_f1": 0.650375939849624,
      "precision": 0.8522167487684729,
      "recall": 0.5258358662613982,
      "best_conf": 0.1,
      "tp": 186,
      "fp": 30,
      "fn": 238
    },
    "RF-DETR_initial_training_NMS": {
      "best_f1": 0.7664473684210525,
      "precision": 0.9549180327868853,
      "recall": 0.6401098901098901,
      "best_conf": 0.25000000000000006,
      "tp": 235,
      "fp": 11,
      "fn": 185
    },
    "RT-DETR_HP_best": {
      "best_f1": 0.775974025974026,
      "precision": 0.9446640316205533,
      "recall": 0.6584022038567493,
      "best_conf": 0.3500000000000001,
      "tp": 247,
      "fp": 15,
      "fn": 174
    }
  }
}