{
  "timestamp": "2025-09-05 21:32:59",
  "models": {
    "YOLO_baseline": {
      "object_level": {
        "best_f1": 0.8137931034482759,
        "precision": 0.7972972972972973,
        "recall": 0.8309859154929577,
        "best_conf": 0.15000000000000002,
        "tp": 59,
        "fp": 15,
        "fn": 12
      },
      "image_level": {
        "best_f1": 0.8633093525179856,
        "precision": 0.8695652173913043,
        "recall": 0.8571428571428571,
        "accuracy": 0.921161825726141,
        "best_conf": 0.15000000000000002,
        "tp": 60,
        "fp": 9,
        "fn": 10,
        "tn": 162
      }
    },
    "RF-DETR_initial_training_best": {
      "object_level": {
        "best_f1": 0.8345323741007195,
        "precision": 0.8529411764705882,
        "recall": 0.8169014084507042,
        "best_conf": 0.45000000000000007,
        "tp": 58,
        "fp": 10,
        "fn": 13
      },
      "image_level": {
        "best_f1": 0.8405797101449276,
        "precision": 0.8529411764705882,
        "recall": 0.8285714285714286,
        "accuracy": 0.9087136929460581,
        "best_conf": 0.45000000000000007,
        "tp": 58,
        "fp": 10,
        "fn": 12,
        "tn": 161
      }
    },
    "RT-DETR_best_hparams": {
      "object_level": {
        "best_f1": 0.8535031847133757,
        "precision": 0.7790697674418605,
        "recall": 0.9436619718309859,
        "best_conf": 0.5000000000000001,
        "tp": 67,
        "fp": 19,
        "fn": 4
      },
      "image_level": {
        "best_f1": 0.8947368421052632,
        "precision": 0.8292682926829268,
        "recall": 0.9714285714285714,
        "accuracy": 0.9336099585062241,
        "best_conf": 0.5000000000000001,
        "tp": 68,
        "fp": 14,
        "fn": 2,
        "tn": 157
      }
    }
  }
}