{
  "timestamp": "2025-09-01 11:38:02",
  "models": {
    "YOLO_baseline": {
      "best_f1": 0.698615548455804,
      "precision": 0.7256637168141593,
      "recall": 0.6735112936344969,
      "best_conf": 0.1,
      "tp": 328,
      "fp": 124,
      "fn": 159
    },
    "RF-DETR_hparam_tuning_NMS": {
      "best_f1": 0.7592190889370932,
      "precision": 0.8045977011494253,
      "recall": 0.7186858316221766,
      "best_conf": 0.25000000000000006,
      "tp": 350,
      "fp": 85,
      "fn": 137
    },
    "RT-DETR_hparam_tuning_NMS": {
      "best_f1": 0.7757704569606803,
      "precision": 0.8039647577092511,
      "recall": 0.7494866529774127,
      "best_conf": 0.45000000000000007,
      "tp": 365,
      "fp": 89,
      "fn": 122
    }
  }
}