{
  "timestamp": "2025-09-04 08:31:42",
  "models": {
    "YOLO_baseline": {
      "best_f1": 0.7001067235859125,
      "precision": 0.7288888888888889,
      "recall": 0.6735112936344969,
      "best_conf": 0.1,
      "tp": 328,
      "fp": 122,
      "fn": 159
    },
    "RF-DETR_initial_training_NMS": {
      "best_f1": 0.8025751072961373,
      "precision": 0.8404494382022472,
      "recall": 0.7679671457905544,
      "best_conf": 0.25000000000000006,
      "tp": 374,
      "fp": 71,
      "fn": 113
    },
    "RT-DETR_initial_training_NMS": {
      "best_f1": 0.7675906183368869,
      "precision": 0.7982261640798226,
      "recall": 0.7392197125256673,
      "best_conf": 0.30000000000000004,
      "tp": 360,
      "fp": 91,
      "fn": 127
    }
  }
}