{
  "timestamp": "2025-08-31 12:58:30",
  "models": {
    "YOLO_baseline": {
      "best_f1": 0.7001067235859125,
      "precision": 0.7288888888888889,
      "recall": 0.6735112936344969,
      "best_conf": 0.1,
      "tp": 328,
      "fp": 122,
      "fn": 159
    },
    "RF-DETR_initial_training_NMS": {
      "best_f1": 0.7987616099071206,
      "precision": 0.8029045643153527,
      "recall": 0.7946611909650924,
      "best_conf": 0.20000000000000004,
      "tp": 387,
      "fp": 95,
      "fn": 100
    },
    "RT-DETR_initial_training_NMS": {
      "best_f1": 0.7659574468085105,
      "precision": 0.7947019867549668,
      "recall": 0.7392197125256673,
      "best_conf": 0.30000000000000004,
      "tp": 360,
      "fp": 93,
      "fn": 127
    }
  }
}