{
  "timestamp": "2025-09-04 16:30:11",
  "models": {
    "YOLO_baseline": {
      "best_f1": 0.698615548455804,
      "precision": 0.7256637168141593,
      "recall": 0.6735112936344969,
      "best_conf": 0.1,
      "tp": 328,
      "fp": 124,
      "fn": 159
    },
    "RF-DETR_initial_training_NMS": {
      "best_f1": 0.7987616099071206,
      "precision": 0.8029045643153527,
      "recall": 0.7946611909650924,
      "best_conf": 0.20000000000000004,
      "tp": 387,
      "fp": 95,
      "fn": 100
    },
    "RT-DETR_initial_training_NMS": {
      "best_f1": 0.7651434643995749,
      "precision": 0.7929515418502202,
      "recall": 0.7392197125256673,
      "best_conf": 0.30000000000000004,
      "tp": 360,
      "fp": 94,
      "fn": 127
    }
  }
}