{
  "timestamp": "2025-08-30 12:55:59",
  "models": {
    "YOLO_baseline": {
      "best_f1": 0.7001067235859125,
      "precision": 0.7288888888888889,
      "recall": 0.6735112936344969,
      "best_conf": 0.1,
      "tp": 328,
      "fp": 122,
      "fn": 159
    },
    "RF-DETR_initial_training_NMS": {
      "best_f1": 0.797938144329897,
      "precision": 0.8012422360248447,
      "recall": 0.7946611909650924,
      "best_conf": 0.20000000000000004,
      "tp": 387,
      "fp": 96,
      "fn": 100
    },
    "RT-DETR_initial_training_NMS": {
      "best_f1": 0.7675906183368869,
      "precision": 0.7982261640798226,
      "recall": 0.7392197125256673,
      "best_conf": 0.30000000000000004,
      "tp": 360,
      "fp": 91,
      "fn": 127
    }
  }
}