{
  "best_trial": 20,
  "best_f1": 0.8795180722891566,
  "best_params": {
    "resolution": 896,
    "batch_size": 4,
    "epochs": 25,
    "lr": 3.7756581645088636e-05,
    "lr_encoder": 2.4065267076500886e-05,
    "weight_decay": 0.00010910079899995013,
    "gradient_checkpointing": false,
    "use_ema": true,
    "grad_accum_steps": 4
  },
  "best_confidence": 0.25,
  "total_trials": 24,
  "timestamp": "2025-08-31T20:35:00.290406"
}